Date,CRSP Market Cap,Communications,Materials,Consumer Discretionary,Consumer Staples,Energy,Financials,Health Care,Industrial,Technology,Real Estate,Utilities,BioTech,Defense,Semiconductor,Home Construction
2000-01-04,-0.0384,,,,,,,,-0.00962733421243922,-0.018823322372593654,-0.027627189675733854,-0.05073285711816822,-0.02815927083927372,-0.030164595481329992,-0.022691531592578307,-0.030083134602387096
2000-01-07,0.0322,,,,,,,,-0.0005689543177741507,0.010686104823748321,0.03810053370305755,0.017456399472181916,0.0633947804114352,0.008601212720494855,0.012208363253013221,0.04710910507684507
2000-01-24,-0.0272,,,,,,,,-0.026399380820295693,-0.03544524150334749,-0.028681754646443625,-0.032633844586537175,-0.02880087508704865,-0.013453356592886268,-0.02984372461388174,-0.0373176150495782
2000-01-28,-0.0267,,,,,,,,-0.017016103772605984,-0.011574155102234918,-0.026478740000746903,-0.035714093075922215,-0.008152283245808523,-0.005293911893548886,-0.020243393390571462,-0.039466353510240526
2000-02-18,-0.03,,,,,,,,-0.03061916358199801,-0.029176062297163408,-0.021919480118296253,-0.0337844770815412,-0.011610859270993035,-0.036747282792784386,-0.02747830946351748,-0.014778590030549932
2000-03-07,-0.0267,,,,,,,,-0.03206097466195157,0.06900616382132219,-0.03990509372338835,-0.02751796077765345,-0.053712935365598846,-0.011641715377696094,-0.018363535512089246,-0.027881227932904373
2000-03-16,0.0473,,,,,,,,0.058738687104110454,0.0430841009078089,0.05413447107960967,0.03482606423398371,0.042945349438409997,0.03902472886984598,0.051627152518363584,0.07363380836077527
2000-04-14,-0.0594,,,,,,,,-0.054830216539800136,-0.021459077645196722,-0.06560856530775971,-0.052348360448246534,-0.04921342652730998,-0.03651226917884509,-0.060381478646430065,-0.07913663037338292
2000-04-17,0.0326,,,,,,,,0.001381269470940305,-0.024123421836138692,0.024348732223098635,0.05429296320757393,0.02875591807088851,-0.015272118022184644,0.008455356967527639,0.0011158285107613075
2000-04-18,0.0286,,,,,,,,-0.018620780456143127,0.0050564559994572544,0.003869827668105952,0.056885925794377235,0.006289351348878869,0.002872277483141117,0.027389210160848165,0.021181830423543158
2000-04-25,0.0342,,,,,,,,0.0013859208476680873,0.0016203850896034933,0.05217405888650073,0.057927113662024965,-0.004678851874280965,0.029735587666186225,0.025174531962313784,0.017989316611507933
2000-05-30,0.0324,,,,-0.21339084378683437,,0.030133651959121988,,0.010885949106355763,0.01416282289966131,0.017915132713156368,0.0649003377582198,-0.005783914672960466,0.007238553476468068,0.041249511687666995,0.007729028879913891
2000-10-12,-0.0265,,,,-0.050433756983851996,-0.015818150212632776,-0.02697349839028218,,-0.018025123615551975,0.015256565575798575,-0.022774995690059807,-0.034639227594395194,0.006153441643075075,-0.013834090457454762,-0.03349803551210817,-0.06981371428025862
2000-10-13,0.0345,,,,0.04398329779526411,0.002096802441371892,0.03583514782110009,,-0.02272768695208416,-0.038251294863612006,0.030894424524888553,0.08424375852460764,-0.012232267100046657,0.015030190575592517,0.018749958569843184,0.020729240218673173
2000-10-19,0.0349,,,,0.03805676887341525,0.007817612080853076,0.030789451591306305,,-0.0017856355426405512,0.004842496270552443,0.01737274330177474,0.08886316981370701,-0.01817089380529835,-0.004882655031078653,0.011655240223429342,0.040972086208853176
2000-12-05,0.0396,,,,0.05317888600937293,0.0,0.020148514689361186,,0.007451451509074225,-0.020895851059072212,0.03646356368004344,0.09464275937891409,-0.007883190701760356,0.006463662913304802,0.026026937303705422,0.02383947489606797
2000-12-20,-0.0312,,,,-0.024938140520941232,-0.0070932624967374736,-0.056123641096516685,,-0.03757685437032643,-0.029511314612885697,-0.03302331571910844,-0.07481059532980183,0.002261022635180465,-0.009232293405376346,-0.04535163104896878,-0.011889039334894935
2001-01-02,-0.0284,,,,-0.02801682001159078,-0.0085583057546742,0.008051503977743568,,-0.019693877265256954,0.002353651230548426,-0.04450090280248453,-0.05788413696724315,-0.013129021389587714,-0.015066257277508655,-0.040710797703060075,-0.0018313131257445825
2001-01-03,0.0506,,,,0.04360583953348085,0.011952517659684192,0.08546351704181765,,0.005952684543463205,-0.030530592670547696,0.04343325719902458,0.16101669849379752,-0.04600879810018477,-0.021032381569631386,0.07889999412757231,0.07889893719994445
2001-01-05,-0.0266,,,,-0.02512434745279002,-0.011228575377994598,-0.03283341732890632,,-0.020758439094405556,0.021500243860081536,-0.02885614107749912,-0.060523586783256644,0.006654529145095456,-0.009921012111009597,-0.02691075513255403,-0.03297899577903529
2001-03-09,-0.025,-0.027577489595146942,,,-0.02005518149752228,-0.001965313586659523,-0.024463667732606553,,-0.00836606493608072,-0.004674324495422932,-0.02110368967237375,-0.06540458075381383,0.006142178446459701,-0.01747735008717255,-0.008668650513906195,-0.010078836579864858
2001-03-12,-0.0433,-0.0867052937358358,,,-0.04589965677384711,-0.01312694850049223,-0.02812131558685549,,-0.039964313817752894,-0.033166937326097545,-0.05472680233935179,-0.05340720423096457,-0.030904365683369406,0.01143534118395606,-0.05001730214720812,-0.0370913255952775
2001-03-14,-0.0259,-0.019076606369187066,,,-0.0438872771804798,-0.009432907221158526,-0.03937400236588384,,-0.02565331179286201,-0.015053523750934716,-0.021022864517221795,-0.024462545187060036,-0.024535678127698968,-0.03440497806040588,-0.01913866692491384,-0.021623770643621643
2001-03-27,0.0255,0.030766405417415488,,,0.029396485575120757,-0.0002683260524763975,0.04345497641158036,,0.02506234924645412,0.005496502122038338,0.01618986712114512,0.03213643338075234,0.02247151832784633,0.036776732342213014,0.02971394132595573,0.021857922979459987
2001-04-03,-0.0344,-0.0546327561175286,,,-0.030379251323599865,-0.010624059667739827,-0.04862658046021606,,-0.020418597755401335,-0.027547188993519822,-0.04166686550268406,-0.06694225059082559,-0.01845014997003558,-0.004778817547094971,-0.022272589074757265,-0.03371640488818528
2001-04-05,0.0439,0.07975014752314435,,,0.037432651689770946,0.015719396149411313,0.03529445879671522,,0.032917313757514055,0.02615690746735444,0.05822247964899163,0.10564265668106199,0.01030890107307747,-0.00669633680334325,0.024943219763668534,0.02236151487153215
2001-04-10,0.0274,0.05319870165867102,,,0.025607227469131466,0.0038657505414119164,0.048773869966494576,,0.04372886499549122,0.01721877343335576,0.029444771887589427,0.0670651768212629,-0.0012177486963950157,0.020806738941778535,0.019687561018024713,0.010101262565861635
2001-04-18,0.0394,0.07795380453303724,,,0.03808239064999275,0.012590883864952662,0.02542193956400096,,0.04166647062878659,-0.005238946670284017,0.04298387727598385,0.09094403693887032,-0.00960482524019124,-0.020807646040239658,0.039985721135363805,0.06138295592677068
2001-05-16,0.0288,0.032887375232561133,,,0.016296718468398863,0.002329552512275068,0.02020968090692854,,0.05206104387096966,0.008337817610733156,0.03228945308837572,0.04064191699579944,0.030495326339146756,0.021472717325898172,0.02762441025795548,0.012217383642926904
2001-09-17,-0.0488,-0.07387374996782015,,,-0.044097987091906266,-0.03872347216853678,-0.009090152410815122,-0.0916407889215275,-0.07396625606917284,-0.02043592026528418,-0.09262774455676082,-0.06381038756781321,-0.0007865951112531189,-0.008964175035416244,-0.08356047833511793,-0.09295653539429671
2001-09-20,-0.0306,0.0027972367945285903,,,-0.03609328185422911,-0.02284990369638107,-0.011940330043568204,-0.06448524642562348,-0.0379686862942481,-0.028141675671112365,-0.05721743164193216,-0.043566236454616436,-0.020162057924391075,0.012739034794229775,-0.03820763082245293,-0.034451021963528006
2001-09-24,0.039,0.0028986703542175363,,,0.04839913632862869,0.016879797577002975,0.03540932025591359,0.0994596424804215,0.047592101534433384,-0.02631594241610269,0.06688202688822775,0.05616156051296217,0.01361109806515004,0.0034328648104444692,0.030965093399996757,0.05510686328784953
2002-01-29,-0.0286,-0.01772158503357324,,,-0.0424996768582,-0.006775744274014506,-0.026107648479709367,-0.02301218266674132,-0.012981352790321088,-0.027290140554291797,-0.038066401661139615,-0.03549065400293805,-0.01235081511221281,-0.012858633682618748,-0.018818896998131773,-0.02104174969216621
2002-05-08,0.0378,0.07735219538781779,,,0.022806813090102462,-0.003485881923708911,0.0399822229722675,0.11724147015421038,0.010729676582826198,0.02093278257540354,0.041465523720302544,0.10366583318605982,0.018204418827519886,0.014231091519790517,0.022298290036651514,0.014766311174658542
2002-06-17,0.0287,0.057635052699507305,,,0.03880798768629479,0.004915713534403565,0.020853946038416726,0.050476037622718906,0.01634978354847272,0.025958409594219134,0.02810370075956503,0.03384830432284058,0.019059195921687033,0.022390671535673423,0.028047523103962524,0.026429056548464835
2002-07-05,0.0366,0.04452034479307798,,,0.03040545695323238,0.004136762878603317,0.022826170914061805,0.08223661114077285,0.025480698800396828,0.0234377211884802,0.04132291832977519,0.0538058580430818,0.013080416523632232,0.011683185283549058,0.03351320734302199,0.03945909857592378
2002-07-10,-0.0334,-0.05999986891050013,,,-0.0320542341512563,-0.012677629309228111,-0.004357454616425116,-0.03078561524561807,-0.029437458335962452,-0.04264490693917633,-0.024400547040080323,-0.02671025388450432,-0.02040828912251258,-0.05651975921937791,-0.046263149371355894,-0.03263299153955801
2002-07-18,-0.0272,-0.04906046096898897,,,-0.03468848188271034,-0.02602799020071178,0.015242066882923178,-0.022517579697158396,-0.014890144232622582,-0.006535944845563524,-0.029117490093770182,-0.021086096877073413,-0.02270500650576912,-0.023494978580050008,-0.04715850922252485,-0.016501698934740516
2002-07-19,-0.0379,-0.022612423868300868,,,-0.020618676134799507,-0.018155987131578066,-0.09919631022375497,-0.028272165021678952,-0.04436811492442427,-0.06140337653889094,-0.030927819359270914,-0.0313315306241857,-0.04646440396522922,-0.05614009446725676,-0.041031836302905855,-0.04865733997062527
2002-07-22,-0.0329,0.002919899220678701,,,-0.029323059239659388,-0.015496696467394155,-0.0732138909974136,-0.02262933444651194,-0.04642927158408616,-0.061215450737914234,-0.03191481146004582,-0.05256097174340091,0.008474866864118358,-0.02442910121750208,-0.008381463330195182,-0.01631419811483248
2002-07-23,-0.0268,-0.03628234211131931,,,-0.05189802658821441,-0.035053301256671054,-0.03982037802756466,-0.05181931478614554,-0.006420985540679047,-0.014434807718311071,-0.022477607135321653,-0.049786189081010734,0.004726406182304466,-0.07784467843332044,-0.01868335612855343,-0.016136286640121456
2002-07-24,0.0575,0.05740200727312428,,,0.053104912771029245,0.00616872210731878,0.006689334551944759,0.0420926514044595,0.05977452647446313,0.06616151946820814,0.05365371197168667,0.05164640040627644,0.051228841790333046,0.0891384840896885,0.0648236129320443,0.058769740808705784
2002-07-29,0.0543,0.04574441743454982,,,0.06136375171664077,0.04423067405953596,0.0355698823397248,0.06935711730367156,0.04972852409851325,0.05774610050232054,0.062469725779865426,0.05899943086632087,0.028850914415772033,0.016000058798857353,0.04470415200351274,0.0549065885598905
2002-08-01,-0.0297,-0.03972876310468154,,,-0.021303413595130993,-0.013839892728506387,-0.02446495268764981,-0.05507249128606906,-0.0063230265241973616,-0.05892762307994959,-0.022222552396085726,-0.04399429255113063,-0.009389559290268412,-0.014506995139286771,-0.02790153398480688,-0.03059106052044236
2002-08-05,-0.0343,-0.04974511302276763,,,-0.03318589902960134,-0.01722008833149169,-0.04350558906935231,-0.056518402677909085,-0.03423646555583071,-0.03714276988000009,-0.03301871042807503,-0.043283712352557235,-0.013770126249376458,-0.017517640977163795,-0.04282413415822561,-0.023203421463832585
2002-08-06,0.03,0.07058550310853917,,,0.04118972866260018,0.002539498455259137,0.001977543297838391,0.05962169577471088,0.042328236388871954,0.036102324448744616,0.03414617302749701,0.042121912692471675,0.0009632007498947548,0.04126378451607904,0.024586834868917107,0.029693838675912243
2002-08-08,0.0329,0.04904935193051374,,,0.043028892902872595,0.00024784935366684024,0.03937001948324159,0.03708542637064394,0.020307260296014373,0.042353009806057385,0.028992456952258827,0.036764904756081185,0.02303725236595433,0.018455730412439753,0.0373053111788173,0.01312339849865074
2002-08-14,0.0404,0.0527865829862364,,,0.03556220704923185,0.0072822468607549595,0.05115074053968449,0.06108690234531022,0.012745308028728752,0.03926020052729906,0.021608899314328855,0.06249982590289904,0.03290123417470303,0.030302818862611325,0.02518798908658315,0.054722161985993445
2002-09-03,-0.0417,-0.05408169128464002,,,-0.041912198811682955,-0.0104330814778818,-0.05357146151941461,-0.05000063918184727,-0.029339434149995514,-0.03972071570868052,-0.03476301568407958,-0.04929609949341751,-0.021891192200309773,-0.02744136145317344,-0.04163581716913922,-0.03571398252353375
2002-09-19,-0.0302,-0.05371881726619854,,,-0.039030071003947064,-0.007477145247512973,-0.05413823304647791,-0.02442044970780599,-0.021989435188584983,-0.028375895432362852,-0.01969250647372245,-0.04491031109569521,-0.028855012610787933,-0.02083353680593647,-0.03372506634031669,-0.03498192340115547
2002-09-25,0.0252,0.05066076218510651,,,0.020221234046884362,-0.0025353484913536173,0.027777734269233356,0.06915076003603504,0.024719384747876605,0.02726373053689901,0.019269495335374254,0.0384301129011968,0.008004091121939227,0.029697358414817687,0.02845859451953503,0.01982768113434208
2002-09-27,-0.0324,-0.03250307853099743,,,-0.03007482644515247,-0.007034349366802695,-0.04651205183012008,-0.02371800896482179,-0.02864849327042518,-0.018644845661764053,-0.03806739328278208,-0.02470165206423558,-0.029597421821458525,-0.017075521443749242,-0.03700920077600245,-0.02930285579745895
2002-10-01,0.0401,0.04108113742211805,,,0.041053388426517845,-0.0028154551197018263,0.0505701351346457,0.056552599770368195,0.06218189730769841,0.03166389013449433,0.043544885004982437,0.05409927190466002,0.029812862786549488,0.01606841425304606,0.031127089815401465,0.0277904283626913
2002-10-09,-0.0273,-0.026200804502093833,,,-0.04293951908562421,-0.02369116023797868,-0.011846551505256042,-0.024436428197524895,-0.03872801235626666,-0.019654845779713326,-0.03381647267126264,-0.009409572358974772,-0.012757073926333962,-0.08528556289962774,-0.010404938299267252,-0.036117534911279336
2002-10-10,0.0351,0.042600814799357734,,,0.04952555626887101,0.02426605114397362,0.06699543701794597,0.08015413874546273,0.045700573408585576,0.02347193866149988,0.03444446009184299,0.052676762890562445,0.004472702740006662,0.06763012436800575,0.01246125532931619,0.01779870983616938
2002-10-11,0.0392,0.010752754703229339,,,0.05310747750149858,0.02203853032821934,0.05023172699976075,0.08990416299899917,0.04025338159618519,0.01672211388206346,0.046187004859019165,0.06316653208080769,0.011380772997908073,0.013529676575054106,0.011923194851251484,0.048320191250780686
2002-10-15,0.0473,0.020407992078214532,,,0.06661442311073973,0.019516642577795285,0.06110703480381585,0.09918441358969687,0.052602201155824924,0.030178121305135086,0.048528667145859794,0.0631743162453513,0.008662846791613,0.0030397033479536706,0.017777870550738983,0.0496512506694049
2002-11-27,0.0282,0.0365990279649997,,,0.03262399874821087,0.007832126892246993,0.017874252028568405,0.061383529168054896,0.03328274697592715,0.01790674928265701,0.02661651320434344,0.040532340395393884,0.014119781491051198,0.005920580624751759,0.019061583577712593,0.04156447568750754
2003-01-02,0.0332,0.03323213593924157,,,0.03357294328747762,0.0,0.059286745718993394,0.06632110272297953,0.02621028965267236,0.0210477973155343,0.02574057843197397,0.05405421652567344,0.0190571935581636,0.02349868993081805,0.027118958725383058,0.03764614150761414
2003-01-24,-0.0292,-0.0328781181151121,,,-0.02983358605600117,-0.009135348836669888,-0.041890278613815224,-0.041364168580328764,-0.022222074371704537,-0.017512123227810705,-0.030799493171126402,-0.039267101314951924,-0.022032768226443622,-0.02566709686753721,-0.021924686002849247,-0.027921373849189135
2003-03-10,-0.0257,-0.01128777193735997,,,-0.032559868118086754,-0.014630742437251931,-0.05030322353414762,-0.019202630652832786,-0.019208835655847967,-0.010177079213902207,-0.025491307844090705,-0.020714556888249636,-0.01655669367238699,-0.023398681606890404,-0.016923483885581514,-0.023578238654826333
2003-03-13,0.0345,0.04123280596246959,,,0.036720832900457356,0.015479696112986163,0.035894165117436705,0.07237427581971767,0.04463799854705797,0.004128826164702115,0.029088461638950402,0.053546154799263945,0.022050791493676503,0.017684149676860494,0.014229009822958494,0.05311018149645541
2003-03-17,0.0356,0.03307510007273118,,,0.03693158773922289,0.01992414326573888,0.03388846280366975,0.05975998040656383,0.03366459109474995,0.012844170835689894,0.02834663416671024,0.04585949058172223,0.02863331826527027,0.02233356875579795,0.028290892203143292,0.04807302973878547
2003-03-24,-0.0351,-0.02876285894884656,,,-0.03364401975078124,-0.024362598084719855,-0.04636856092268116,-0.0541297623910828,-0.03916557604138893,-0.014745624722971695,-0.03547107140397532,-0.04056665349024813,-0.02667990885016691,-0.02454628091255573,-0.028163660876466157,-0.04571683093577383
2003-04-02,0.0264,0.027794395607932287,,,0.02415091478300102,0.010647816393170473,0.028340138641246515,0.06655352431882222,0.02045203687657393,-0.002198633984802356,0.022472147749200033,0.042847183659291854,0.02107000918206481,0.0005403343626091406,0.0147658380250284,0.026087114788692523
2007-02-27,-0.0345,-0.042592752998050876,-0.032456406561933826,-0.03307169066607174,-0.0374902178959835,-0.032419332847997695,-0.03752392986237729,-0.03530687109020603,-0.04051643007808203,-0.03983040887764955,-0.02995365142104267,-0.03846159863603671,-0.02275296962525819,-0.03637291490441685,-0.030408278360530838,-0.034421611938671326
2007-08-03,-0.0264,-0.008710348156207859,-0.01808775701951426,-0.0626165851264856,-0.03456059411811496,-0.036801802982629805,-0.030437054009461284,-0.02973575713598786,-0.03345934887144775,-0.032626374911555844,-0.020515674590621757,-0.019342511924280603,-0.0018727746591135075,-0.033859427537539344,-0.01376271454139355,-0.030650706936417804
2007-08-09,-0.0291,-0.012037628371805331,-0.03223831915621922,0.005954612919436997,-0.03534472338109729,-0.001742894621022062,-0.023773499829769063,-0.0072137420213223,-0.025149516556211116,-0.02869467143608284,-0.02671688013041551,-0.022900853932263487,-0.01801786541526551,-0.018056194203769582,-0.023495496281924266,-0.028207257681501452
2007-09-18,0.0292,0.01954447788607072,0.023645876199517524,0.06874997202966204,0.04394149315087659,0.03110221056567042,0.023370446554228597,0.02962858090692233,0.046629327350091954,0.0302823763088087,0.03239864905039558,0.01972151303112457,0.019471129010500965,0.023156392020224015,0.017877766613458634,0.03898972862705419
2007-10-19,-0.0256,-0.021234595526620326,-0.02907226025359977,-0.00919329031687166,-0.03014600656858557,-0.03228323846276249,-0.012955826850512553,-0.029343129695398762,-0.02180559368506385,-0.04737503482953376,-0.02777780478237346,-0.02373258868811301,-0.010349600004728399,-0.02214569485101936,-0.01206898226408637,-0.02228289634314795
2007-11-01,-0.0261,-0.015240737891595857,-0.016485541605922083,-0.04691223015845325,-0.041160616736308,-0.03569113788044709,-0.03215818799303638,-0.016550552108391625,-0.034655625431683657,-0.02933503026555906,-0.017015971055747592,-0.010915459033024044,-0.019711390151883057,-0.020494612074577256,-0.013885303297302976,-0.025374868463062916
2007-11-07,-0.0286,-0.02242448093001559,-0.022330964224597127,-0.03807605487208654,-0.04263252766983505,-0.03377496106150779,-0.03798288190894705,-0.02676771553782642,-0.028002220842117453,-0.04115778937919956,-0.024090249830556965,-0.02689299427115266,-0.010969754793271558,-0.022866227578595355,-0.022765527496989346,-0.02054566318236728
2007-11-13,0.0296,0.007064575659332162,0.021943822656776524,0.04131821755249043,0.04438733164463993,0.03584631733209731,0.02242159772705188,0.022711896693476508,0.026585834243038287,0.0352859839285502,0.0254548398588037,0.034051265795453034,0.015053780529942218,0.008495284697292993,0.013143008882435137,0.027679657307247973
2007-11-28,0.0289,0.02913803191694364,0.03050518334248542,0.06085818624629824,0.048240594547611204,0.046844204908977005,0.03582962124275135,0.042542234309159044,0.047435437933618596,0.024752433592250433,0.02426904114349182,0.0293888191411229,0.015761732557456387,0.017377122329281125,0.02375570306768382,0.03885505835061087
2007-12-11,-0.0252,-0.021302025756996246,-0.033390520902939924,-0.08770153735506414,-0.050271786736404644,-0.057224306905098055,-0.04055815427638909,-0.019757021955422505,-0.04148539752640623,-0.02469109385026058,-0.03186017540583719,-0.01553824596201936,-0.010850800787195913,-0.023208920062053662,-0.015480629345248853,-0.03207336417713158
2008-01-17,-0.0286,-0.0014572752109003329,-0.03607107855735214,0.012253111344529222,-0.04330012822954776,-0.01211615407796518,-0.025442488885774828,-0.01851841226920281,-0.04942091601609455,-0.03778880386332839,-0.026610647762719597,-0.008852963780642487,-0.0072070793463456795,-0.03857117630915252,-0.019235874134553077,-0.016578051420954143
2008-02-05,-0.0317,-0.026506748746354503,-0.02430539016151123,-0.027640750100095368,-0.0418537376796011,-0.03166314574213014,-0.04583034043773404,-0.04360140915320532,-0.0287983853016055,-0.041316720789881134,-0.025374260784904346,-0.02504331390770198,-0.013553024980039408,-0.03013253305043362,-0.01824599313265418,-0.028086301129384816
2008-02-29,-0.027,-0.012562995958459555,-0.024114327642226874,-0.0651840900971794,-0.03843939746757152,-0.017464343676654726,-0.03158300063139652,-0.028831329919031035,-0.03220480652101332,-0.033180892700428566,-0.027367646952087266,-0.020344734415489785,-0.018806258314942204,-0.029419240011562486,-0.013830383041807726,-0.02490655351468729
2008-03-11,0.0371,0.025788187116695394,0.02054695469269796,0.08695648589069371,0.06921112745382518,0.07106795175839475,0.02790007241648973,0.03505842316904495,0.06091900994987709,0.05147536233907668,0.033960842829502624,0.03535367642371101,0.021165762983993197,0.01726420096195347,0.00967775119857639,0.027171826581356973
2008-03-18,0.0422,0.030485239540792408,0.02841310404202435,0.089369122975816,0.0738108353486302,0.05104497827080978,0.03150306360937405,0.03995104966487206,0.03504356925580043,0.043659059993648386,0.052646623575867135,0.044851383088383656,0.018276771719222706,0.017668887459982408,0.03133156249485802,0.03947378187155448
2008-04-01,0.0359,0.032858238439863685,0.031826785114862144,0.04479825391625303,0.07029995262354372,0.04915521057091432,0.03508757443043842,0.041767846278483844,0.031865054032663265,0.0187684161338475,0.02272682680269633,0.029017831235004454,0.012204039586915627,0.02582987174132101,0.01604106507798897,0.044922140256232534
2008-06-06,-0.0307,-0.02596130637304106,-0.04495993885676253,-0.05430388319979429,-0.045970103584655586,-0.03964299513216052,-0.02334081557327694,-0.013755203921333559,-0.02944412046257272,-0.019603554147794244,-0.0389508327226491,-0.02715542348391886,-0.024773417463968994,-0.02618299252303602,-0.02422369998444951,-0.042279510623727035
2008-06-26,-0.029,-0.017692238501481605,-0.029656207319021632,-0.04010355123828546,-0.040715562517217085,-0.03575926435764698,-0.02845528015234977,-0.044945718022579406,-0.024650754794387275,-0.007231601010845634,-0.01644006234241613,-0.018987592124381725,-0.030346936367345534,-0.029781861355577144,-0.020215445169909585,-0.023489721553788034
2008-07-16,0.0251,0.0060970201867156515,0.028862682387213123,0.08578083782641732,0.10971714047164327,0.0701848205348361,0.006092693866236898,0.032305915430625776,0.003800599010472805,-0.02573844076561249,0.023020259773040896,0.014545606820819179,0.012639496717456566,-0.019799358503070907,0.007055955866587249,0.04015009631299882
2008-08-05,0.0288,0.01760788877949193,0.026198675654101278,0.022727495846717405,0.04369562690806106,0.04271557828524819,0.02547220652462734,0.02464664693527574,0.011599981312291119,0.007476288901920203,0.027859455795068655,0.018911032519530524,0.017391336687409664,0.00819931499414217,0.032520276678007054,0.04462433559064394
2008-09-04,-0.0296,-0.026144501890451033,-0.033548148585587856,-0.049025225775023884,-0.042281638645285335,-0.031187247724370315,-0.03697625047373887,-0.030802448104627844,-0.03553765055781499,-0.022481252565805354,-0.03431521022512507,-0.035842352636888175,-0.006373982824515734,-0.012564818798620703,-0.021991331210521214,-0.03326943394145354
2008-09-09,-0.0336,-0.012678157425859649,-0.015925080967488237,-0.06926896504374302,-0.05809984258234169,-0.04380683934751828,-0.017961373536168113,-0.03888878899227921,-0.03176322566508882,-0.06916848599963965,-0.02944585701063618,-0.01744715769099603,-0.005186894377706475,-0.03142254472411499,-0.008647488871060371,-0.018957306703470955
2008-09-15,-0.0464,-0.018593544713625842,-0.029806616973344413,-0.04706524827309,-0.08042049132913964,-0.061491094370357935,-0.051215705891674235,-0.03899962713389582,-0.041491693198623336,-0.07659950733294563,-0.04016446227198911,-0.04827566316472387,-0.012006992393907123,-0.034813841160728276,-0.027777757574637962,-0.03365382963886632
2008-09-17,-0.047,-0.05086559047353023,-0.0495673905350934,-0.07424049301424895,-0.07745340155545077,-0.046559663668670814,-0.06074560196824563,-0.03354627735102411,-0.01869892324304867,-0.02095227324206672,-0.03380009613779622,-0.05547667810316559,-0.035763739115812876,-0.048443031582119156,-0.015898282164312327,-0.03953885449189731
2008-09-18,0.0429,0.03372920323397555,0.03754967737214132,0.10935584642283946,0.08504627724424574,0.08450016390056003,0.04556608122972605,0.050354451908703135,-0.00027601021113887736,0.02986903842534616,0.020485272845939928,0.04267067888086551,0.006482145619201463,0.03666696644897449,0.012924020528226388,0.025728720704573327
2008-09-19,0.0402,0.01510542314786445,0.016085029495193304,0.08159918377080788,0.09101419809791422,0.032733887126362715,0.03748820818951115,0.024202958074854175,0.06371709528451297,0.06861621029966236,0.028133093333940984,0.0072950497574149065,-0.002197366550120372,0.032144063086041896,0.010958864775472588,0.01359330146459925
2008-09-22,-0.0379,-0.029761916372025077,-0.027343100539083953,-0.10227862593315962,-0.0603945692509531,-0.08809516974175868,-0.04245669475831404,-0.045444616178457076,-0.012800671176169343,-0.017543968275028354,-0.0265781052395192,-0.02589896521416646,-0.0054153401291689995,-0.024857392736068018,-0.023771749213276516,-0.041059769876761076
2008-09-29,-0.0871,-0.049762924086482974,-0.04959122874964761,-0.10882192193319284,-0.09124874886746892,-0.05983459894951859,-0.06732576212670871,-0.084936275370038,-0.0720772065246974,-0.11890717397382222,-0.03389304732873988,-0.0865383058447653,-0.03754526978788142,-0.052418222074088194,-0.02237383001840454,-0.06666720011261407
2008-09-30,0.054,0.01446371183419215,0.018392221112476292,0.06461165090964172,0.05805258722450479,0.048578174642905925,0.028268462353279844,0.03948723665493281,0.021406306342280024,0.061190659051030716,0.009836318508460007,0.04473657356136185,0.03525851906748123,0.015586529934660032,-0.0033167494563765,0.021978632980534707
2008-10-02,-0.0397,-0.036165517879145015,-0.049412444956211554,-0.06005503339411555,-0.04188636510696986,-0.06622979702371956,-0.03404048563617146,-0.06051622729274653,-0.07184154085144345,-0.057019042619678495,-0.059860230095379885,-0.039146003464576085,-0.012589750813488676,-0.014505738492471054,0.001653008691401281,-0.03620113963172222
2008-10-06,-0.0378,-0.050845203230454494,-0.03713133807112101,-0.054354614087254394,-0.02136898702927892,-0.01836066720916818,-0.04675332234900309,-0.03391205186580026,-0.04935405748479271,-0.05378424124872938,-0.02623979397745213,-0.055287285813804155,-0.02901221957212874,-0.04887902521467735,-0.037437079201148804,-0.02813076646167878
2008-10-07,-0.0582,-0.039320655162804585,-0.036139165391235184,-0.09797516765387682,-0.10838598386125664,-0.08445082736888754,-0.055586035502125375,-0.06522930830478535,-0.051568168409478865,-0.054836537126619955,-0.033222972905867953,-0.05113636065750826,-0.03177018135194265,-0.04091679924070968,-0.02417601385464707,-0.06423478135277882
2008-10-09,-0.0757,-0.053726972385625626,-0.058947701566877675,-0.08135383700089893,-0.10404757264945319,-0.07156322476631072,-0.08166956887892729,-0.01719037281046587,-0.06405693636391774,-0.14396526971214074,-0.056999045078026445,-0.033232174449070895,-0.060241078960367345,-0.06738468664367203,-0.07678244643294574,-0.06352620400801146
2008-10-13,0.1151,0.09866565624913015,0.0997436657481432,0.01865676630566604,0.09678009268228571,0.07474874716025326,0.14105120239408775,0.0916315827864238,0.14057589612550836,0.16474676976787106,0.10705145255808146,0.11698132232633962,0.04661034878700265,0.12072947302856574,0.12054681530528555,0.03931326719188544
2008-10-15,-0.09,-0.05626180276338144,-0.08707785297853776,-0.0973253634687089,-0.09468640293053454,-0.14166679186620146,-0.10198153364896723,-0.09252781371941354,-0.12412069994131614,-0.14443777310022687,-0.0940500265759201,-0.07517462341171322,-0.03434396031990805,-0.07439776453839153,-0.09782623199975993,-0.11624855500184417
2008-10-16,0.0433,-0.006952554098479613,0.058148398889103614,0.04609057111047954,0.029157102713281313,0.06286431269719728,0.036989045976206114,0.048568738501319375,0.006824428931138549,0.038105994806109766,0.020339461544329085,0.052299739010420065,0.009623889848807243,0.02905678563712799,0.05220873621312183,0.06601439308733559
2008-10-20,0.047,0.0347776361938672,0.023856080838552174,0.058111106254456146,0.026754004891706762,0.009460208884950694,0.04827614136673919,0.029915904559259854,0.05048574704204989,0.11645634044724784,0.049660978432242375,0.03990306311302083,0.008227089035089508,0.08427567083304588,0.0402298292710197,0.005395647619223842
2008-10-21,-0.0306,-0.024086122021274137,-0.03471240480888371,-0.03508773436815493,-0.017857027426001704,-0.0345142553029304,-0.03229689347146014,-0.04750393034552303,-0.04214430835944061,-0.045427782982884635,-0.008896209015663792,-0.05232545507509789,-0.009383944467031835,-0.031628396959656024,-0.002946402280465721,-0.011180631336417668
2008-10-22,-0.0591,-0.04850077684132892,-0.043349298670239955,-0.051383212720573446,-0.05992578644064506,-0.07339006020744077,-0.06798490734274831,-0.04066056837568777,-0.054804891457506444,-0.09722260362138502,-0.04610394165764309,-0.05214742485001922,-0.015650858507147758,-0.04239044322168917,-0.02475078370924655,-0.06829482011686805
2008-10-24,-0.0342,-0.020793205480994947,-0.03230684734132161,-0.04432124951246452,-0.0396874553827804,-0.06410576047920746,-0.04868156038476701,-0.0010144760113438567,-0.043042172859917405,-0.062298718352418514,-0.05759420655216729,-0.04683527957159028,-0.04999991830790618,-0.026577074880047014,-0.0034898050067927455,-0.057281554040623406
2008-10-27,-0.0318,-0.05384507856658205,-0.04968462103505222,-0.03961342278267865,-0.04195342671580826,-0.052135078122369616,-0.0014216937118582962,-0.002031234534111248,-0.07423539019563119,-0.06391764733130778,-0.03847884103312815,-0.020584510647814303,-0.025438399866999584,-0.038951258903362485,-0.042801814624170875,-0.014933104493937366
2008-10-28,0.1072,0.055306255459400155,0.10650081851778603,0.03319916740221052,0.12243992252890545,0.16325328249734472,0.1096084438269016,0.08989146380979629,0.12594274769727165,0.15247207389840245,0.1026362508589036,0.13898297132459114,0.06885687102223592,0.10075754070955578,0.06300836246934827,0.09775260785792006
2008-10-30,0.027,0.030937099718881367,0.04228779386116921,0.03649606877681344,0.02492526181749377,0.0484549573422699,0.03274413781422125,0.043354561740726716,0.03138835100434045,0.04612497847640684,0.03613935245456612,0.03715219321008778,0.04207845472356442,0.05581229569450308,0.02348873861504619,0.030331662897308265
2008-11-04,0.0403,-0.0006858857003787522,0.03318858617481868,0.052245028945065775,0.05003681639242963,0.05560977390921784,0.04609980576745221,0.03722631427252732,0.046899544288033335,0.06444486994538101,0.04363634315306952,0.042042501580834335,0.014699958092529108,0.01882904927533602,0.013060008992897831,0.03942686922119942
2008-11-05,-0.0519,-0.03266984470994272,-0.05759849697845931,-0.06051240727247775,-0.08083265992486555,-0.0965802953480357,-0.06158238279230077,-0.05180922926567433,-0.04183639032375863,-0.044700007141826315,-0.0418118278836801,-0.060518868203615184,-0.017706029189443195,-0.018481068329106454,-0.014732875424580572,-0.055172514440030795
2008-11-06,-0.0495,-0.027671441807260666,-0.055007163966188544,-0.035507690200747954,-0.06336401874645414,-0.04526889850694604,-0.04936773267176564,-0.07600740590663446,-0.054482678597346124,-0.060217395136346386,-0.04686884055328577,-0.055214724794619974,-0.010651386032771826,-0.04690185388721291,-0.024299101809561297,-0.05292027345430905
2008-11-07,0.029,0.0300642614654012,0.010945293395834943,-0.028253498950038924,0.026855686390239164,0.05920231349285632,0.020899087898176738,0.022134114239876546,0.016346764486220522,0.04726890733123246,0.01017424861376659,0.028571310876234213,0.004554675646194717,0.04382183786830085,0.012643432080683192,0.01734180602812052
2008-11-12,-0.0511,-0.03860061416643401,-0.04479795459822433,-0.09038501689734424,-0.061715091413337864,-0.07368991826402926,-0.04813878754239065,-0.05033998141410634,-0.06362459794626807,-0.08192707860925619,-0.047618972670605,-0.04696669391068076,-0.021446445337788278,-0.03314512982398099,-0.022118262887087847,-0.06077330915303725
2008-11-13,0.0689,0.06842120175569666,0.04822433175741159,0.056025521554400326,0.07257881464134552,0.11070811118073376,0.08833413853963279,0.06590266834665148,0.08135870681839963,0.11748903171775926,0.053603715514786154,0.06228554597115177,0.039965543149251825,0.07585692502450092,0.05357108281563949,0.07807436257680034
2008-11-14,-0.0418,-0.036453320678830003,-0.047017410400310045,-0.0480483761002406,-0.0551915783522251,-0.09858376926842205,-0.04275065549398793,-0.06955656784130859,-0.060768980140506024,-0.04153275315501992,-0.042325734065971066,-0.0457470301652495,-0.02975222645334652,-0.023729108756383233,-0.03804135006184839,-0.04861061328868033
2008-11-17,-0.0258,-0.015191336633684549,-0.019628310195382914,-0.02733886074372771,-0.04700095361710055,-0.007854989504556653,-0.018123087301108565,-0.026002141433661197,-0.02068661371846825,-0.02072415304977715,-0.020089520912544234,-0.02835939064914783,-0.013202888743559571,-0.0017358783776000308,-0.017227728665156428,-0.028676116909734928
2008-11-19,-0.0606,-0.04485629130468449,-0.06080305512917494,-0.10913167682858005,-0.10546321236767475,-0.1205584856466938,-0.07498335995943928,-0.07473467771146758,-0.0599999639609079,-0.0517778104677199,-0.06463336419706012,-0.05551765745409454,-0.025717912640445983,-0.021448610422317826,-0.04036435500477098,-0.06418592759669117
2008-11-20,-0.066,-0.05071999654112935,-0.04104069735389637,-0.10124977317452521,-0.09452979029826836,-0.08730178419063883,-0.0638450486549289,-0.04141045310963509,-0.0386845132850715,-0.12368402412864776,-0.026764035588022206,-0.04281573071270295,-0.034755955693611895,-0.05821073589688597,-0.02845350321527418,-0.05878937327177236
2008-11-21,0.0633,0.002638482199677661,0.06992167560512752,-0.011126521997034344,0.03607018276796703,0.08260879317526792,0.04521044984679423,0.0457661428178433,0.011066212382514706,0.11161176454971478,0.02949978895222527,0.053070295676886925,0.04785782950044304,0.09996207129700041,0.0012734740142101852,0.0685853082182799
2008-11-24,0.0634,0.035526112415401156,0.03831004782476799,0.15330530225893169,0.13954167252672933,0.14457839489934132,0.08651043128947089,0.06175821219232347,0.05771144149819474,0.07226399884794721,0.05002506450248734,0.048956542888833,0.012614195509739856,0.01005899895770379,0.019923662884814286,0.07850992791065914
2008-11-26,0.0356,0.026565574981704865,0.041406246790192336,0.11868103656498552,0.04767511727895024,0.045651908087051885,0.06143774777628175,0.06739384701286188,0.0458258561482332,0.056002876534128054,0.03146380077502653,0.031144339611664407,0.012815012458791797,-0.0033670453048050275,0.015689294856329195,0.058762124330254295
2008-12-01,-0.0886,-0.0679417955146071,-0.07410262214778762,-0.13021903241635802,-0.1569583217364936,-0.2061115192417624,-0.0822746273013174,-0.07572966112998358,-0.0846649786999174,-0.10640420700879849,-0.08221615641609281,-0.07213106223613786,-0.05525557976865836,-0.0664011123842424,-0.05136452477509257,-0.08735928832881346
2008-12-02,0.0394,0.03102928680568673,0.03905358853840335,0.06514387431154,0.07278467339680406,0.13773604425667973,0.059986600183183025,0.016786532384896358,0.03869692632408017,0.03383053662327251,0.04620546726007135,0.0353360960363589,0.014511731700744823,0.025960465169939884,0.025803632172118895,0.04652357590326073
2008-12-03,0.0265,0.032802790979891805,0.012440846565592967,0.11695237471738307,0.05063899864165888,0.045439507948583424,0.025497701534925143,0.048349279522356126,-0.0018171211946215182,0.0006456008576654071,0.017124593370544172,0.028668486198176968,0.012136916025150546,0.017330624461785904,0.023917410848159903,0.03576943092957707
2008-12-04,-0.0287,-0.01480115590134079,-0.030588013305071104,0.040345822175878565,-0.014974176973979736,-0.016497570471014078,-0.03881119602281313,-0.05624308898456398,-0.020027539883209267,-0.06927714723219314,-0.01993809799528834,-0.040477532972348906,-0.012848280507039234,-0.03611544000631406,-0.018928123109608563,0.010853120224420865
2008-12-05,0.0371,0.031455340506045815,0.028856253139270205,0.03785770638748476,0.08099760800616096,0.0964515465056941,0.03280737525112376,0.03615412532585571,0.018579321629087264,0.020804549579744203,0.02441245552490723,0.03941896384752397,0.02820013371281016,0.00636225202861973,0.03407235968390743,0.029282267063449163
2008-12-08,0.038,0.012289483358912445,0.039318216648911,0.03380800648207294,0.05735014654671611,0.09414484990969996,0.040317563828962344,0.015337324025036292,0.07523919051397465,0.044383873007551866,0.02603693539974916,0.04657363798070291,0.0059068677816607185,0.016157501193147183,0.007939374857227621,0.037458779762449934
2008-12-11,-0.0282,-0.024132804162384724,-0.03481622555900721,-0.06401402224061126,-0.07502695306654128,-0.14425418272636248,-0.03309261262907637,-0.02304988120420781,-0.04324281444744471,-0.004694735524074067,-0.04308468973988333,-0.021290585525146177,-0.011125168068260916,-0.007945004206667883,0.006019213323657624,-0.042388268510818894
2008-12-16,0.051,0.05766868698979999,0.05228374599401642,0.10950966729190048,0.10165058542780181,0.12179157918544026,0.049201304813162094,0.05300096980047164,0.06117123965606042,0.031042270768464553,0.049415859636662285,0.05204202343890163,0.02335635560890381,0.03409473557658815,0.039489413958446296,0.05318587509667183
2009-01-02,0.0318,0.01435606405634049,0.03657930943601628,0.02548391085283308,0.005966978856845939,-0.02739716420798355,0.031553148856541924,0.04652809855381013,0.0364998728685022,0.04982217537641098,0.03672106602413194,0.03763783490410466,0.014243356953176134,0.0234238907566231,0.020338697859999977,0.05006975187819851
2009-01-07,-0.0293,-0.010973457417859822,-0.023373123932698858,-0.041818679192593744,-0.045514432866211485,-0.033816761708045484,-0.014010161110707742,-0.04699503663862492,-0.023188450455273846,-0.04239759884481309,-0.04467920650672197,-0.03188213753804703,-0.010020856220864904,-0.008080876118906843,-0.009049688621325713,-0.039685969475417915
2009-01-14,-0.0331,-0.021073731481394353,-0.02116688174964343,-0.05612174014391358,-0.052070544485921855,-0.0518538521136549,-0.040048985629988154,-0.04015794504761172,-0.037350011706164477,-0.047818200503907615,-0.037169485577478456,-0.03026328740008899,-0.02202985975033611,-0.01226345200153478,-0.014214606511196437,-0.039149233296495334
2009-01-20,-0.0523,-0.039689377847389684,-0.041055726702310724,-0.0791142169270761,-0.13939395938261756,-0.10819634670690448,-0.03417737750403782,-0.06732470292530424,-0.056343955418238556,-0.053287200339486196,-0.046287712224497346,-0.04082984037910131,-0.011764458739349282,-0.017301359856908505,-0.02417497449629169,-0.058709151276193805
2009-01-21,0.0426,0.0354467276213184,0.03440360055919478,0.02405526014082504,0.11523717814453893,0.09959865553471414,0.03669700550581978,0.024565720874831776,0.035260802004170255,0.0671808815926156,0.0254683384818033,0.04815077474241569,0.004850192492264593,0.011268010824232455,0.021234651619885136,0.03041211551110079
2009-01-28,0.0331,0.021050989170073198,0.0239784577406017,0.06622526678508289,0.110332856779773,0.07961879582368536,0.02425358840383307,0.03485533786314976,0.02829799538083111,0.027285984331146373,0.0287058121338577,0.0283644023326306,0.010078745130181588,0.006418935001194059,0.015483222678507103,0.042510041059006465
2009-01-29,-0.0326,-0.004207500311656065,-0.035364086440691334,-0.06832300606326447,-0.07202974750967739,-0.07830316999531906,-0.04189435509444894,-0.05018531205094667,-0.027075200378973485,-0.035279452361573704,-0.03659691588340763,-0.02950614873637536,-0.008676773976335261,-0.007385210833550149,-0.014131718458168852,-0.04029121250012868
2009-02-06,0.0272,0.007438623148406487,0.0029824847463257864,0.08333344132352782,0.06733038049359918,0.06852026718796123,0.03262929298833428,0.03707404540184478,0.030013419471759173,0.018529891250269603,0.024225068330501198,0.03432655081420477,0.017163000504587522,0.006397128413584197,0.008090844254142304,0.028615291042989988
2009-02-10,-0.0486,-0.025882913656281814,-0.04410742906949294,-0.08862074792193009,-0.09349613913574317,-0.08588031498461968,-0.03525024508302921,-0.04596955269318259,-0.044749720367798895,-0.046525241980801435,-0.052460223558440267,-0.040599409135589015,-0.03228693547029782,-0.02826378728350043,-0.03329669693101378,-0.047334103265785576
2009-02-17,-0.0444,-0.01434456730639333,-0.040091023939775705,-0.04372213887752885,-0.08030076928951979,-0.06300605567182849,-0.03814386920449664,-0.06816637973325457,-0.04353838742203198,-0.06916340077269567,-0.05063932728290643,-0.04158560329413119,-0.014378454463418566,-0.04335566970431637,-0.01726042201086142,-0.03791456868397214
2009-02-23,-0.0346,-0.016138174975248942,-0.0452675941480678,-0.01336868840086669,-0.03425625149622846,-0.07605144853031631,-0.023872765679625707,-0.04204215422670321,-0.060546983787680975,-0.04672027124387834,-0.03866811104525514,-0.046079876024922806,-0.02582142741971305,-0.024009035596777473,-0.01972188335979619,-0.02242184749556142
2009-02-24,0.0396,0.015241506257215098,0.023850422803641802,0.08265547422151687,0.09494838355813617,0.08231134559315523,0.04076107996172307,0.05094046091067961,0.03170514656454526,0.047029407985728744,0.02178832281006593,0.026676491152958004,0.01927669515672359,0.028894727511209473,0.014595815749647745,0.043578254954703244
2009-03-02,-0.0461,-0.04629801010963286,-0.06598833967778561,-0.04979811785259347,-0.05051250831458254,-0.07000809937722241,-0.04768203359804657,-0.0526119592592158,-0.06659797719055283,-0.07318239062738574,-0.06549678467432252,-0.024079279602529424,-0.019155106052869186,-0.03155856280677938,-0.043080787091338446,-0.03764965295790634
2009-03-05,-0.0416,-0.040168827222683556,-0.04816532077807201,-0.04347818125485714,-0.08186283685263707,-0.06434223060168254,-0.031077043864287668,-0.013563486757292353,-0.03248127594254424,-0.04409600546478387,-0.03865021790201939,-0.030692013821671082,-0.022874336634957415,-0.0284641456184046,-0.026584123864616394,-0.04675636711218567
2009-03-10,0.0628,0.03776472093298189,0.05040270296417937,0.127300560592142,0.12233130447463858,0.1322752568614951,0.06022320069404907,0.07751373512316051,0.055555678982847745,0.050694862642899574,0.07552112040354508,0.05748860405857448,0.01854683889411768,0.013192883785898113,0.03610580453511636,0.06145214679456967
2009-03-12,0.0407,0.06109926605101723,0.029607605368434875,0.07786852393928179,0.08853960102855263,0.07884301713514064,0.04718924686808279,0.04341807438379708,0.024785081305695345,0.030005066710836026,0.032373978742019194,0.028690929524200603,0.025822267853278236,0.013042983898496896,0.0489669408286324,0.036845303579405186
2009-03-17,0.032,0.03471587221925021,0.019297743609865137,0.05366484449177045,0.06021239973465553,0.07452415598826145,0.027188008661858554,0.03908913497523003,0.008708460899680803,0.03449910114305221,0.029242972446616777,0.036376007487443296,0.01867843880430775,0.015663505530171262,0.01550040038907774,0.04834187056889583
2009-03-23,0.0703,0.050446384290001145,0.062066519069091886,0.12025302972581087,0.15663401354705098,0.1498976693566969,0.060937288348227314,0.06415355272543954,0.0591014185113512,0.08232578332926654,0.07245562325286081,0.05917549497473318,0.04375333720200847,0.03865908359732151,0.03651851120070915,0.07062002777090193
2009-03-30,-0.0352,-0.012820526240770236,-0.040321877412914486,-0.0660373430244724,-0.07964617248351435,-0.05481089884075652,-0.050455961843698605,-0.04224472790831435,-0.03449778365215028,-0.03710355977976265,-0.04979283034263182,-0.030973281152464338,-0.021749327940561836,-0.019767105959152653,-0.005770760879636017,-0.0298515124566181
2009-04-02,0.0285,0.00800605997432191,0.03975295501427545,0.049052878775244446,0.030447464671835345,0.066191215437851,0.03569323934415847,0.04071979865852193,0.03751121655715761,0.04105151630528092,0.053609368457620876,0.02615188449869854,0.020968929875670117,0.012865325390123639,0.004132164931158755,0.054972516712264774
2009-04-09,0.0371,0.01862115307518053,0.05260213838900274,0.06785311528493776,0.1358596727222512,0.1193538883007601,0.029411730553114745,0.042287599767995454,0.04332558079608284,0.0293455035711645,0.04918021301912456,0.025122452800930173,0.0004618164518721546,0.00038337794705300965,0.004579790056859379,0.04085531028990119
2009-04-20,-0.0421,-0.030866037384727818,-0.03680488437493035,-0.08411220691870236,-0.10158980887332503,-0.10704300947975032,-0.04829212357148449,-0.046578455387667916,-0.04621696501189332,-0.04849257189014433,-0.04405486611187137,-0.031839513109572115,-0.01946606575948906,-0.01124894702412027,-0.0194016356153639,-0.038188652152796876
2009-05-04,0.0331,0.01176486679594313,0.01898577001674373,0.07783882410918297,0.08778256292154474,0.08657432790091302,0.0329733513837549,0.04699534500900593,0.056354194375474176,0.039991297727488107,0.03272736314306224,0.01830669906893645,0.01539167526749674,0.015077285029410747,0.016570220389757973,0.032355694816533775
2009-05-13,-0.0263,-0.022577539175881456,-0.030200167050411952,-0.05288025967808252,-0.05002351079963352,-0.06796996596370597,-0.03687391534260087,-0.027338685775632143,-0.04311969265826676,-0.033016750498634395,-0.041223336515593845,-0.02521974921250214,-0.01832437953952626,-0.026720107651710623,-0.0023474338014692897,-0.03511009758406425
2009-05-18,0.0304,0.01193772227460177,0.027853431423943142,0.06845262657039441,0.058652349672277504,0.07500774159135593,0.018835282028662137,0.03453595210143878,0.02864910567978396,0.034583594047974175,0.03669726991927935,0.02738056750640383,0.021010477708979902,0.0,0.009869742128092218,0.04925442044068329
2009-05-26,0.0262,0.02428229754862521,0.03034793481428455,0.04435516493477465,0.03764482674061753,0.05171841277390876,0.04705871464127043,0.033843181370074804,0.02395433108060785,0.02118913078603657,0.036421899110120615,0.02597401634744889,0.012647764205669931,0.029035911678267468,0.009094521690520274,0.03365810583711348
2009-06-01,0.026,0.007245287759634955,0.044783235053726944,0.03015043777791604,0.011697342839642966,0.042074275666019956,0.013452785773741205,0.0529927763588367,0.030548649197571054,0.03676492331571879,0.0462423922519275,0.028328513510873954,0.0198963638406231,0.03212508575044981,0.006581495879825594,0.04801006988241485
2009-06-22,-0.0298,-0.02133022545196195,-0.02194226694539847,-0.0230603903826746,-0.050733053848283305,-0.05105485254524267,-0.003954859357559237,-0.03592868307010977,-0.050633017154322,-0.049989438162807875,-0.033333959567125704,-0.024834540190335597,-0.003931503889610499,-0.002912406312109428,-0.01802118395066743,-0.02983137841451733
2009-07-02,-0.0289,-0.026282864102955328,-0.03550437594871991,-0.028454984518120785,-0.033207961089320004,-0.045509961794431675,-0.029147491986937668,-0.009395688804874625,-0.02745574207078383,-0.040132808163094946,-0.0312919334963323,-0.025150771857096355,-0.020958227591002077,-0.028672510238461735,-0.023881486686742837,-0.04046480703469901
2009-07-15,0.0295,0.010793651426840078,0.027896597947369317,0.04311278858576251,0.03644613725777668,0.03437335772993699,0.023008965872503007,0.045114628628899034,0.03922320504533561,0.03546588811789686,0.031076111806660922,0.037471513520944466,0.016260221315484547,0.01993448687810706,0.008775314303247628,0.02761934846695291
2009-10-01,-0.0254,-0.030973470103296652,-0.025806174999276288,-0.04386691085882932,-0.03854206947611494,-0.04241869418881139,-0.0291621696161094,-0.04777888851656997,-0.03910783815244678,-0.031157268612928446,-0.025057073695607834,-0.029707980547153845,-0.009033764649014508,-0.017047169199320922,-0.014300562425481167,-0.02184196857324705
2009-10-30,-0.028,-0.012382418724798394,-0.025519065918775063,-0.03130439467895618,-0.04173880281056275,-0.019109565671691975,-0.024198377256878012,-0.033103220722340954,-0.03582004152566176,-0.037959083994431486,-0.033995741069484886,-0.02645286517086487,-0.015624721807863784,-0.018665765690521918,-0.014396204451622041,-0.026143794548220578
2010-02-04,-0.031,-0.03584805291577631,-0.03329499817284509,-0.03000026487674856,-0.03882755532275606,-0.037362774604538296,-0.03017233973671174,-0.04321701981687964,-0.03732300635502794,-0.04102551192693382,-0.02948490239823065,-0.027958640926851963,-0.020308251890392537,-0.02621854721488237,-0.025252526708343104,-0.02894625697497133
2010-05-06,-0.0322,-0.02771492929281738,-0.03278130870426543,-0.04465473242225626,-0.04275781113512478,-0.040137034540032035,-0.029925189502817195,-0.0363266704547639,-0.03287247485463296,-0.034114452274214724,-0.033060234046670134,-0.030091558611105684,-0.024990538525708206,-0.027584288396270806,-0.026817373670599887,-0.03559841196771918
2010-05-10,0.0436,0.032828509443278975,0.04700689693017179,0.0811807552987498,0.05552517503289267,0.06591404254862065,0.03220672962979276,0.05212380825320695,0.0475426037475577,0.042735268783557157,0.057275919683423604,0.045977275359441405,0.0291698626105521,0.030927711370329902,0.026917816425690244,0.052206652589372515
2010-05-20,-0.0386,-0.03932036962183172,-0.05150005494419241,-0.04647751569362435,-0.04687471754958572,-0.04834784712900586,-0.03784082051526161,-0.029780666804463007,-0.04541089066430193,-0.044688252834133135,-0.04352140287115558,-0.03180428372050914,-0.02963802416471395,-0.029962474252702487,-0.03135517253944542,-0.038840874448843765
2010-05-27,0.0331,0.0259119158555714,0.03243684970403615,0.03338424129766637,0.04277952240354366,0.05426167561651485,0.03180399046918447,0.04494896638043988,0.03952179847139581,0.04241360180383014,0.03376987223176786,0.03412290731698375,0.020423655215320524,0.01915567360024828,0.020400891695663947,0.03592811743727187
2010-06-02,0.0258,0.0365115931268305,0.021199675099366155,0.016179070842370802,0.02783132596123461,0.022049878862511196,0.02976465978856435,0.032306988954383,0.030913787943228854,0.04334062950098372,0.025915715544789775,0.0223991132081669,0.01711673990449314,0.02100368214729098,0.021716210728996765,0.02509446776498314
2010-06-04,-0.0348,-0.038457057259324356,-0.04318697255848669,-0.049543026169352244,-0.039630455818760346,-0.05427580179795377,-0.026835545801606853,-0.04462457622775884,-0.03959078081868139,-0.03518639778665278,-0.046932760462467304,-0.032083180505709796,-0.02651225222272846,-0.029675624427601077,-0.029311758523267284,-0.038731338530456294
2010-06-10,0.0292,0.031053345810726274,0.030273246820298638,0.049579964661855325,0.03369675577361009,0.04184024660425756,0.02412189224559258,0.035371924319730574,0.035860871502954916,0.05018528560426194,0.03858559596432798,0.024239546469766893,0.01714916122154908,0.024561609615608937,0.019027614490070954,0.03395241844989183
2010-06-29,-0.0312,-0.033423517008000614,-0.04284595313245987,-0.029863546207214986,-0.037649007531026735,-0.03207457877222497,-0.025283497770419605,-0.04242941351112772,-0.03696269124386209,-0.033024206286139224,-0.03864895628265752,-0.03717470299353853,-0.016091696880302542,-0.02032395538163989,-0.01830131462503448,-0.035644293575531005
2010-07-07,0.0315,0.017175304298939986,0.03312838225113701,0.033789941987131256,0.04282811621989424,0.047660710985316435,0.028032297129671813,0.05337365227406998,0.039886046167685985,0.03529902477337066,0.034737824264105654,0.032210876511228115,0.0191404556889625,0.030888187933458378,0.019524649855374276,0.028237258206529114
2010-07-16,-0.0287,-0.03377796137717337,-0.035797038817619975,-0.04827616962543679,-0.04158791277652163,-0.030725498764269665,-0.02095058852602627,-0.029566692098124236,-0.02738837198595101,-0.0237781670718209,-0.03340221612713212,-0.028636992829495056,-0.014126523956203285,-0.01721272497953963,-0.020826477043790037,-0.03503725396809887
2010-08-11,-0.0274,-0.03370923005705995,-0.03819638781495516,-0.03630075275882716,-0.03379901700938459,-0.024050277748043802,-0.02582802136821616,-0.039335287064906965,-0.0337044342657723,-0.029778024165989736,-0.03733773042107669,-0.023874367135793717,-0.016489596249194993,-0.02014059175924232,-0.025786759312435015,-0.026201112804174143
2010-09-01,0.0299,0.029142604683449758,0.03994297002703129,0.036396883191044616,0.03695398588470056,0.03158064618857348,0.023964162793403965,0.02866189169566935,0.02996143286277886,0.03730473220523023,0.03973048488855957,0.025616339516776998,0.017749232087456157,0.02174632614730343,0.023131525232779948,0.03444844852718676
2011-08-02,-0.0256,-0.030865629865615585,-0.02838477257386396,-0.04023955383464439,-0.0272306738907937,-0.029347970399211554,-0.03654939272300772,-0.029002009987895816,-0.030887011919448537,-0.027901081857837018,-0.034822995013292446,-0.020938534228950312,-0.013020631926256243,-0.017132434644865357,-0.021466797812468963,-0.03777897270913355
2011-08-04,-0.0477,-0.078785503526969,-0.05175585864371979,-0.05465992342605952,-0.049192775471839645,-0.048330884036060895,-0.0527460503801116,-0.057681304178757054,-0.06775066908118943,-0.06857286669437423,-0.05363493164612365,-0.04037620676219755,-0.03120892955941046,-0.032721663900804776,-0.03984178827422191,-0.048653078168081954
2011-08-08,-0.0665,-0.06175971783408929,-0.07681367532548211,-0.08670571737471622,-0.09496986444936695,-0.08505873461308033,-0.0742111989757811,-0.053429038709422616,-0.07313531472283308,-0.08505949087636189,-0.07052908734407604,-0.05630914123430375,-0.037780002526074274,-0.05299456007411907,-0.051241699049896505,-0.0627404167540927
2011-08-09,0.0474,0.05957300634646856,0.05695010518542598,0.022152042817945805,0.0764786425042927,0.09255833443062755,0.05811615679111504,0.04466688547044595,0.06161594085294375,0.05089933715055883,0.04945795977583689,0.045731973333725806,0.02432242180666022,0.03278153491024072,0.036447860069211746,0.04638845311225137
2011-08-10,-0.0438,-0.04854173642003168,-0.06337898905471762,-0.0670795823111281,-0.06051200748623309,-0.023511623021646222,-0.031250456711561236,-0.01914446482143317,-0.0343498271297864,-0.034530236201504416,-0.051000474636593185,-0.039150492066197806,-0.03833106843677048,-0.018916264907150482,-0.04219927071503926,-0.04264869921096337
2011-08-11,0.0462,0.03931672729247859,0.04309675827045112,0.04314187294773708,0.05605650666066064,0.04662727565668012,0.03372448747486945,0.04944657451284029,0.049371331465201784,0.05190703869184521,0.04761872853359583,0.03814470082067589,0.029629651732810514,0.04215660620359474,0.0457276430311262,0.04425558856382095
2011-08-18,-0.0444,-0.047013111528939056,-0.05531369224033322,-0.06448311792168959,-0.04821765056289096,-0.043009110767505354,-0.039492217012178976,-0.05780434276371538,-0.05821017292072783,-0.05794561226813344,-0.05523630867782647,-0.048639472288105945,-0.017862966585431628,-0.01182531701929701,-0.03294993419893322,-0.049518590465806867
2011-08-23,0.0344,0.03949625462168749,0.037891725557186895,0.0124157674679235,0.03298407583500551,0.02467503177717889,0.03655604148297642,0.05135715009629016,0.03531294497989723,0.04511416902021037,0.035225719051628746,0.03666062608992582,0.020580313953329155,0.017951052535092327,0.0325702442870317,0.038652776058381244
2011-08-29,0.0284,0.03332960109297178,0.033791045331151626,0.045738127412099594,0.03971418002900484,0.0318393268602033,0.027378209885507987,0.03492318567556274,0.030356557549711338,0.029175289948106142,0.031684452155447795,0.025210232989185455,0.017898329069499397,0.019697210039422597,0.025434310057360854,0.029069447087119116
2011-09-02,-0.0251,-0.020052682685934187,-0.038150433930404404,-0.03517600094835782,-0.03673303477453904,-0.02417351424558123,-0.022553311403264997,-0.023764536318584772,-0.025530975213313156,-0.02789194610837331,-0.032005122855228496,-0.022755192650962708,-0.014294828732257847,-0.011285987865165548,-0.02200133830793749,-0.028294299695751812
2011-09-07,0.029,0.029302696897237634,0.03133050669338444,0.04320354788599157,0.04522822002899174,0.03358861991912976,0.019644450333663466,0.04250685702688273,0.028706638786237137,0.03664126751487884,0.031116803563134843,0.02594632793972118,0.01786903696272124,0.011167946204159396,0.023978026016457488,0.025869238708844833
2011-09-09,-0.0266,-0.02975495845860221,-0.02614407880290548,-0.0331262927169268,-0.030194198206030975,-0.028108777850553657,-0.019907739784229883,-0.010656125709703201,-0.032944352137800004,-0.03307983870397069,-0.026765721650855334,-0.02124986943043139,-0.022164232851517696,-0.02031084942554162,-0.02974179832121049,-0.026388365455646712
2011-09-21,-0.0292,-0.01757017548316442,-0.037579245070223144,-0.033229597236531516,-0.048315271091525114,-0.04782563009729346,-0.030456758068336254,-0.020142431601070876,-0.045224432311081864,-0.0416030465420828,-0.041348498463445904,-0.014883200979992961,-0.0205611609478924,-0.018377771939930176,-0.026961559327910223,-0.032266454238064735
2011-09-22,-0.032,-0.026982421439255666,-0.028780869164313327,-0.04618697819550921,-0.028055785470641692,-0.025208077294639364,-0.027605847908461212,-0.03365580307504534,-0.056092126320209545,-0.05644827796703733,-0.037491618159314566,-0.031033373288808175,-0.018993525096379082,-0.016939024667207203,-0.02023685093377614,-0.030036223915500315
2011-10-03,-0.0284,-0.04531315856443141,-0.03577963014959973,-0.055866039944668655,-0.0460004697069053,-0.047063599186395466,-0.037273172952911326,-0.03702092271734314,-0.02826975903117135,-0.03401109579555117,-0.028062740530509056,-0.02245750559512305,-0.014497695078470207,-0.02379533322535987,-0.03183094705016687,-0.02926014155613821
2011-10-10,0.0341,0.02423213550469905,0.027668001188198232,0.04012971978248192,0.04855883859743493,0.04822415973496064,0.024426679873025936,0.02819195943294206,0.042095041139570855,0.045319823354017075,0.03493751716092253,0.030863925878839682,0.015630180045512976,0.019460977978360994,0.022884123139536916,0.033837914627151244
2011-10-27,0.0344,0.02013306797890202,0.03277596277260253,0.045412519779956195,0.0561203150798093,0.042741147861864004,0.021206202910209138,0.04228355830522745,0.054277247051178534,0.044335602092852255,0.04355749217189264,0.029652609293628673,0.012824667705387816,0.02378168829469951,0.02427340740021333,0.027262965874501388
2011-11-01,-0.0279,-0.02076762244136121,-0.03738944959086854,-0.03454724689061639,-0.04366028002882827,-0.03371753585533277,-0.02221160467865968,-0.03187019513698819,-0.02670509556055911,-0.03227664071620062,-0.0302211610700569,-0.027681745497170285,-0.01739668339409317,-0.02094677664251643,-0.01907046404173085,-0.02152770979303653
2011-11-09,-0.0367,-0.026934329507547705,-0.03185943331562713,-0.05565378163296775,-0.04928066007672349,-0.044900496944653145,-0.028931588973740485,-0.04413131760260214,-0.04873964375270068,-0.04421852761996381,-0.038755524082578985,-0.03470402462302391,-0.023447318698726072,-0.021751575087273878,-0.028831812134276324,-0.03565099665652405
2011-11-28,0.0292,0.03450806255839001,0.03092424521101167,0.026922931781987236,0.029266085704635403,0.02441807124748574,0.023992130190422678,0.030393810110771913,0.037567603506117875,0.03744342476823248,0.03369680478728121,0.032902803355467025,0.01580505762792339,0.012563364391629195,0.026805644612742263,0.030553458501584974
2011-11-30,0.0433,0.03221864876961078,0.043135895976655236,0.0542281698236351,0.05985941043304166,0.04610134626604401,0.038954648201163344,0.05622901365502031,0.05727397319835159,0.055084124136465906,0.051178384565652824,0.03850809355766449,0.023419784700525526,0.028930433250679677,0.0360855325163667,0.031141487239733312
2011-12-20,0.0299,0.025090078817220807,0.03314091288106025,0.06715083139707012,0.03488887326855172,0.030231135265234244,0.030541953776386688,0.0443826620544332,0.0394364496603854,0.04108999919421197,0.03433332446774995,0.028294202751476094,0.02072687985069921,0.02129523685812673,0.02095189094211336,0.027480766924957045
2012-06-29,0.0252,0.026945971515273337,0.03459420006912772,0.04151187041320381,0.024652770884548314,0.02271262664447571,0.017663255446890958,0.043478363592961644,0.030064258643465402,0.030110495888752142,0.034812894632959335,0.027907264532528453,0.018751774008570532,0.005709646530341228,0.019035148470733176,0.021226759788794736
2013-01-02,0.0256,0.03206526897382589,0.02358972954608274,0.023629643387815813,0.03130114593893385,0.01623622364039301,0.020610305086573133,0.04362005105610911,0.02503988949394964,0.02212271468115712,0.024010915611814898,0.033275597315428174,0.025787856125883524,0.018327418181695698,0.019809256577294265,0.020868673151762662
2015-08-21,-0.0317,-0.03129819517367083,-0.023313304126382772,-0.019574350378706362,-0.029587305436413525,-0.019584729971497294,-0.008931537213903162,-0.027371581677691048,-0.02439587678268107,-0.034954202699659875,-0.027588631827416443,-0.038171480414757486,-0.02731899786967984,-0.01206132163340956,-0.0305569339209929,-0.03202294194891431
2015-08-24,-0.0394,-0.04402050297377136,-0.032526146436434256,-0.02942199946404378,-0.04573377586146843,-0.046699958487723126,-0.041594601126624386,-0.0224119274794482,-0.041907795696121575,-0.05370077570720655,-0.0355616412321611,-0.03943390842828476,-0.03479360787016528,-0.037514105729797964,-0.04253837100932034,-0.0399407279078996
2015-08-26,0.0392,0.05069785372038327,0.024363554055419012,0.025019131889894686,0.03486673657849515,0.024981790501623857,0.02600720798316347,0.04986169528420015,0.027007204677066854,0.034447634256843385,0.031237197552395735,0.050397470613764206,0.02954051635840349,0.017844345653850402,0.04223037378476335,0.037974471075204796
2015-09-01,-0.0294,-0.02529332413895402,-0.025555425019491373,-0.02594589035005268,-0.03528236211897551,-0.019012442222563597,-0.023851263307098636,-0.035292568925656465,-0.030442897652232737,-0.035225261985209366,-0.026515837059444047,-0.03206539200496383,-0.020502832549851746,-0.027084231100876544,-0.026244770556610786,-0.025340024070957035
2015-09-08,0.0254,0.04351823235919117,0.024642823132883462,0.02978566430747276,0.0241782939590931,0.015140561934640084,0.016248812383630185,0.04432978698764534,0.024970438213137713,0.015676601706844373,0.027601173960222214,0.027989753142458662,0.02085147440138324,0.021240362902321674,0.027955825563906966,0.02315488456759418
2015-09-28,-0.0255,-0.06327366885956454,-0.01857456253255585,-0.04387575023427326,-0.023697103302056544,-0.018018167998514634,-0.03312922290320508,-0.027708801641245784,-0.031094243087591122,-0.03992311127364412,-0.019674566511114322,-0.022858573516346015,-0.01474306204178133,-0.004914655178502647,-0.038725948326985504,-0.028781752323022936
2016-01-13,-0.0251,-0.054220042585063855,-0.027240715630783896,-0.02974735278419549,-0.026388546246322364,-0.015162050795318294,-0.027356527308745382,-0.031830852134507315,-0.02307292001352612,-0.02400866455253614,-0.024127609111707415,-0.026940918023589222,-0.0182912906788818,-0.0004633048892148661,-0.029675299648296405,-0.033728832580586676
2016-06-24,-0.0357,-0.049828313747988684,-0.031200110546380833,-0.03181490039062085,-0.05180285555211306,-0.012146346454544488,-0.03308036565560646,-0.05427153727956524,-0.04364087693903684,-0.03231435205916133,-0.0407479605179939,-0.03843527608479769,-0.019209571968057615,0.0015895758060702203,-0.028999610387681396,-0.03716346406220816
2018-02-05,-0.041,-0.04423044879399607,-0.0519375566123188,-0.04127448977953463,-0.04447525415693232,-0.032173655683971236,-0.038594012322290316,-0.047083140078091,-0.03820694074226638,-0.041954066195966644,-0.045390313527033266,-0.04181723039576646,-0.036302522530864856,-0.01643941972700691,-0.04430893224411381,-0.033715268582870106
2018-02-08,-0.0375,-0.04158662223601195,-0.03201764926257766,-0.04073181970608164,-0.041059135663856106,-0.029471195517023818,-0.037628762304842356,-0.04200725219723167,-0.03512003099602967,-0.030232585978105297,-0.03857796944112413,-0.041428316396008635,-0.02154065365749036,-0.011226299765545789,-0.03470061092986121,-0.039877351509379544
2018-03-22,-0.0252,-0.02295121323464766,-0.029849161600096208,-0.02145773062365508,-0.029646465026389235,-0.005797825079552732,-0.019396187172951107,-0.0263468726332875,-0.02988109338813061,-0.020414224169492012,-0.03301013965435051,-0.02581485717836285,-0.008280374362169773,0.004441022860673938,-0.02876934686219479,-0.021262344600261995
2018-03-26,0.0272,0.026783200083473124,0.026191444069636916,0.024427867308482787,0.028548897548893226,0.012619926215774013,0.018331472082469658,0.04172224669778779,0.020528316344979425,0.0179721859391635,0.02419563947198533,0.03795911713271383,0.014353016837953092,0.010395418721665495,0.020710596877064447,0.02954691617232319
2018-10-10,-0.0329,-0.033179953717066946,-0.03194551924672473,-0.015578202154569731,-0.027570370498494756,-0.015061327031815397,-0.02746320034731975,-0.04413272296558479,-0.026211811490227888,-0.0313665160893275,-0.032216608586359885,-0.04845972170303714,-0.012023590211144075,-0.0055248345608570615,-0.023620366451392427,-0.033689940253115
2018-10-24,-0.0309,-0.05756714958057163,-0.03424341250267415,-0.028187469061317083,-0.02035257875439933,0.007253968247390441,-0.035240794238134976,-0.06559241445249253,-0.031633486771230235,-0.039483416282062755,-0.03387686834197312,-0.04479528282622014,0.004218699950456761,0.024295272266120493,-0.033012098728388506,-0.029871698768149768
2018-12-04,-0.0324,-0.032985872138549754,-0.03975189257254763,-0.04754651452884551,-0.03597367804634155,-0.015457544805930867,-0.028925693916364015,-0.04783687510867751,-0.029692256058389765,-0.02870681702892841,-0.04251836632899575,-0.03787452989366602,-0.016870836361385977,0.0007123835338205264,-0.022324855745923577,-0.035996629840827965
2018-12-24,-0.0271,-0.013757386487987966,-0.029818522902699818,-0.020247014688055565,-0.02495127282534626,-0.03601557675477751,-0.02563102220971114,-0.029321154936463922,-0.025926040664774663,-0.04045622805497329,-0.030682667079099057,-0.026689174045651964,-0.02889584641797882,-0.04181380520455058,-0.02394781135199653,-0.01898461848026589
2018-12-26,0.0496,0.058029175431117075,0.03752394291944494,0.04273210274211903,0.045181867051158564,0.03277771765417836,0.0412788965563915,0.05999991854928566,0.044782575890531806,0.06222136520986332,0.04656942872056469,0.060395624882167764,0.027908840327389717,0.013576244835262541,0.04361853972588059,0.05925197417456873
2019-01-04,0.0343,0.050286790782746005,0.03267199690538125,0.04055856327060936,0.03036961581061215,0.010706048823841074,0.030604555972531866,0.04512152366860045,0.03931903542521198,0.03402409479865143,0.037916272276482754,0.0443197988769628,0.021319019754084012,0.014807775157476666,0.029830929346918778,0.033094279155760686
2019-08-05,-0.0298,-0.02645856972447702,-0.0225252410031187,-0.020753248746129493,-0.030767976736475133,-0.017948736760886153,-0.022649375683126638,-0.04317963804286329,-0.01883834833439324,-0.02980133482505576,-0.027697103640232923,-0.041745687752929306,-0.026000339751786727,-0.014297605258458579,-0.02350356486855898,-0.026841624807968367
2019-08-14,-0.0293,-0.02230022663778275,-0.026373384166664016,-0.021459203786591496,-0.029971145406747612,-0.016228009438627122,-0.026179817662208893,-0.030763818315707514,-0.03168522474782265,-0.03919236020463768,-0.030556556300986193,-0.030730490097537366,-0.015774446157244437,-0.008225042211764455,-0.027811090884235723,-0.03131065599427274
2019-08-23,-0.0259,-0.02550182473789575,-0.019263915830428746,-0.025440355144859095,-0.02238203184355947,-0.013751986114736714,-0.023231152297529922,-0.043450736872743034,-0.024152083688978587,-0.03350612900097183,-0.026753578921868804,-0.03307850907986687,-0.01665847809647314,-0.010621167121861896,-0.023112401441585773,-0.026573117845770988
2020-02-24,-0.0335,-0.026324423382827367,-0.030318573487942535,-0.020343058721570717,-0.030379713166445388,-0.013371919353700523,-0.01804455477912348,-0.04791183314021075,-0.028173683288715723,-0.046176574236102885,-0.028472305387706953,-0.04133148800776176,-0.023047157390656103,-0.011659245397132922,-0.03151898123375663,-0.0343822413177145
2020-02-25,-0.0303,-0.025367073291212794,-0.04965606607062378,-0.04030945766878502,-0.03488532358691243,-0.026802840678369688,-0.02238562033687863,-0.029801295486976853,-0.043144585132628865,-0.04415177056903086,-0.04075844864069078,-0.031994128487367046,-0.018049373579063333,-0.021004140898067014,-0.03034838256990413,-0.026704853713000465
2020-02-27,-0.0442,-0.04165254521224815,-0.039022338908441645,-0.025506881195657027,-0.045526873467324536,-0.05241047709546154,-0.0387251816454357,-0.046160314739200015,-0.04685259655796603,-0.05347813164810411,-0.03712312559180131,-0.05393746042319936,-0.04070046703567254,-0.04498212262318979,-0.03397862479435765,-0.04041478771501006
2020-03-02,0.04603922524,0.04864772072273582,0.03126084806696472,0.03639714483473888,0.05037244600581969,0.04816927511339464,0.03501250943048495,0.03542001837044695,0.042867959766922814,0.04042405268308813,0.035166957830897516,0.0578250777923337,0.053457434738063636,0.058861319831578385,0.04686319453832133,0.03436066001705895
2020-03-03,-0.02810794019,-0.02671240621701454,-0.01626682335367502,0.006001304243211658,-0.03338465129451307,0.00010922616332376123,-0.022782146830065964,-0.03520831630743371,-0.008730449315632605,-0.030573226572760515,-0.02445471966485102,-0.03797607409456616,-0.013586541485672732,-0.01230255704427774,-0.02485810988945647,-0.024204903177059922
2020-03-04,0.04220259242,0.046889750349624615,0.036211958485396156,0.04927090873671358,0.03661162552664199,0.03820127266952045,0.040621646478030904,0.051090504511375645,0.04146786955828152,0.023653091970475826,0.04132784085995955,0.04292220542679459,0.04912050117264166,0.05674309324048332,0.05764745922641468,0.03455643137973907
2020-03-05,-0.03392202216,-0.017422766319289074,-0.06397386648244519,-0.03369134135652341,-0.03962760841279456,-0.021762051863792764,-0.02274262766878521,-0.030117516380996023,-0.03171244725411537,-0.03658536483607866,-0.048926498199800106,-0.0315598071006683,-0.018823159158147362,-0.015424895262226235,-0.02320229696744236,-0.0372881143216518
2020-03-09,-0.07596968076,-0.06803354982778576,-0.09587775262675025,-0.09140023471065384,-0.09736193042471841,-0.07412269957146278,-0.0605420175901189,-0.0854086556028496,-0.09359233575657888,-0.20141183932789064,-0.09220147925210698,-0.07591945399133071,-0.04354889196873635,-0.05438835363481587,-0.051981503995141454,-0.06297424854276301
2020-03-10,0.049396335779999995,0.020999997779349577,0.039525944934993396,0.04088197723823317,0.055530169668223994,0.03861136641773699,0.03596845877474242,0.06563432352078769,0.04060180415879677,0.04743672862098114,0.051847340309251866,0.0666990823057283,0.028712159589809216,0.009297262628164882,0.03431061499946941,0.05529179788045058
2020-03-11,-0.04886841092,-0.04754694651720415,-0.09072065358556536,-0.08450364377836994,-0.05572381942819349,-0.05820833750039622,-0.04195297594284808,-0.05603695952280685,-0.04753417376772573,-0.05288336061911203,-0.0586874293013927,-0.04723867792712633,-0.04905029845843789,-0.0502732362060756,-0.03821123352224154,-0.05468822747491675
2020-03-12,-0.09511268047,-0.08852945464427009,-0.11111110087837128,-0.12922515214595665,-0.10198840411664079,-0.09741666494641466,-0.08758020199297745,-0.1096412688740177,-0.09627788725778841,-0.12474007332619497,-0.10350126628609213,-0.09760481131850185,-0.09395635041652617,-0.1009371074193709,-0.07465624729359466,-0.10105436965516812
2020-03-13,0.09287119,0.06338454971556073,0.06223009861783768,0.0247835656924682,0.1111223897695699,0.08532836846202319,0.07860985907986584,0.10728070622120933,0.07017952027195506,0.09229725272198452,0.07810893160510823,0.11731921475196061,0.08510650032864708,0.054488952694298654,0.0693560819386736,0.06186422746248499
2020-03-16,-0.1198405,-0.08960260740093273,-0.14741394916227624,-0.20192312193399553,-0.13472308197150928,-0.1686999826480582,-0.07825086340095777,-0.15227771458368156,-0.11008385078680039,-0.13606708148553082,-0.11344137157141965,-0.13814001747189508,-0.06783255318181391,-0.1135772177338672,-0.09861026854126731,-0.12668623612851393
2020-03-17,0.05995482,0.0732069819829837,0.021389227261869648,-0.016064191687413576,0.03247712378997747,0.04699087057482321,0.06242201524935398,0.08798509038938507,0.06185073360619464,0.0068320435280702085,0.04605730371603323,0.06808167691556455,0.08432821508144994,0.1279342657542939,0.06277535963564418,0.03850463241334379
2020-03-18,-0.051830799999999996,-0.0293189137572889,-0.09952573564289913,-0.09573287832659982,-0.07843330015572014,-0.09840007965847197,-0.03407760340857491,-0.08216410736350166,-0.06393632859611487,-0.1435713808156136,-0.0736679303444624,-0.037677407914034955,-0.025690363394889726,-0.043531017350824874,-0.03316061151661798,-0.05744777369952747
2020-03-20,-0.0433595,-0.029883215826045362,-0.03823181478702675,-0.025306755046166973,-0.03702075529567639,-0.04379222841241115,-0.05280265681851082,-0.028486567079474057,-0.03579045422228788,0.009761794934310508,-0.050083159684355505,-0.04582502713177028,-0.06476149388156971,-0.07932231306502135,-0.038419544317144005,-0.029723825321339215
2020-03-23,-0.0292939,-0.005507960034296211,-0.026832263015417745,-0.050354079039744204,-0.057665926755477104,-0.05055807935604262,-0.028730692353828635,0.035718359264223176,-0.05097751499800962,-0.06815849166385213,-0.04380050758418241,-0.009134463294308559,-0.029593152012476698,-0.05102852853276274,-0.05193868722212969,0.0016479165053309153
2020-03-24,0.09382766,0.05251282210275354,0.12296827002641919,0.16652861083348092,0.11741137117751976,0.08004843413434504,0.05960266758500321,0.10815976721597664,0.1176011034074449,0.1603733871696047,0.12651216139086818,0.1024147575028429,0.05099731621972681,0.10750051154130569,0.0770570864159259,0.09379640350702867
2020-03-26,0.06241416,0.04696079328948377,0.10022819049790277,0.04344984963039433,0.06376478949086262,0.0741535807601319,0.06328584200566745,0.06724165950259242,0.046967567941792465,0.0611033532574905,0.06311598816553365,0.06192743246125687,0.05473802303337649,0.08524402102441697,0.06642922237885718,0.041367263960609746
2020-03-27,-0.0336873,-0.01947749614404448,-0.06305795884098431,-0.04414526687025655,-0.028534600660952147,0.0012836448025552727,-0.02562087128013457,-0.04961472345559248,-0.03614982390253518,-0.06778543952995497,-0.04212752394066921,-0.0451950107039546,-0.004650297764236755,0.005417104212250834,-0.021416242291654064,-0.03351398717359233
2020-03-30,0.03351604,0.03944224323873957,-0.009796627974480998,-0.010153991690757369,0.021927525033828443,0.019943042546157308,0.027912643738823073,0.034803285482530866,0.03185720517133683,0.010236530755677098,0.014603508562826217,0.04211738570081125,0.03905812405430109,0.03699715089799538,0.04682907938547243,0.0209076528154839
2020-04-06,0.0703313,0.05138822667738974,0.0806475879771964,0.1390291232507206,0.07812839235719604,0.07503113099483194,0.06108128642992661,0.10200023435532235,0.0743956377267736,0.052966809512138946,0.06922260410572201,0.08532149853887017,0.03721773134743933,0.07723498608397872,0.05243147171884166,0.0832160427147004
2020-04-08,0.03405643,0.031038903573689547,0.041609155778950635,0.08308212455248398,0.0511243298218782,0.07156170405193807,0.02232486273770462,0.03345723536405942,0.04893615398001172,0.06670820659295718,0.036272884534505945,0.02688370631677106,0.014801764803310746,0.05445634401326238,0.04117902022673903,0.03149920949887064
2020-04-14,0.03057252,0.03633508376041128,0.016729661634362847,0.03145852534855487,0.011313961189898247,0.026430554359664127,0.029133577331547755,0.04612585210506448,0.012924989050476343,-0.004733723403066659,0.01906472224223399,0.041925305734206164,0.04246101786038592,0.02937180810557738,0.03319151858065994,0.03909984162478852
2020-04-17,0.02679359,0.04669127874621659,0.0670414388706575,0.048224099352663696,0.049659583709118715,0.029773947305653747,0.022872163802270418,0.0077519328331510096,0.04014897845532861,0.10622353118775996,0.04695533424361997,0.013281937189008497,0.015271016027553985,0.032230549272175946,0.02076365190581475,0.029537768179923818
2020-04-21,-0.0306748,-0.030336648166769842,-0.0341890634812827,-0.012305672639052245,-0.02720687777445674,-0.01827361153450391,-0.032091509393076145,-0.048990575505157175,-0.024683783622466704,-0.017634479389499913,-0.023607896311780174,-0.04189912590750533,-0.021244345086086636,-0.016483565788166232,-0.03040608935243172,-0.025955274668175266
